URL,Subreddit,Title,Topic/Pain Point,Category
https://www.reddit.com/r/LocalLLaMA/comments/1ovc3sj/,r/LocalLLaMA,Live VLM WebUI - Web interface for Ollama vision models with real-time video streaming,NVIDIA engineer open-sourced web UI for streaming webcam feeds to local VLMs for real-time analysis,VLM/Multimodal
https://www.reddit.com/r/LocalLLaMA/comments/1mzba2v/,r/LocalLLaMA,Short Video analysis with local LLM?,Tired of dumb security camera motion alerts - wants local LLM for intelligent video analysis on Frigate NVR clips,VLM/Multimodal
https://www.reddit.com/r/LocalLLaMA/comments/1pbhbdy/,r/LocalLLaMA,VideoContext Engine: A fully local Video-to-Context Microservice,Built local pipeline to make LLMs watch and understand videos rather than just relying on subtitles,VLM/Multimodal
https://www.reddit.com/r/LocalLLaMA/comments/1o80ack/,r/LocalLLaMA,How can I implement key frame selection using VLM on edge device?,Seeking guidance on building VLM-based risk monitoring system with key frame selection on edge hardware,VLM/Multimodal
https://www.reddit.com/r/LocalLLaMA/comments/1jy1x1b/,r/LocalLLaMA,Vocalis: Local Conversational AI Assistant with Vision Capabilities,Released local real-time assistant combining speech-to-speech with live vision capabilities,VLM/Multimodal
https://www.reddit.com/r/LocalLLaMA/comments/1ompw8z/,r/LocalLLaMA,Vision = Language: I Decoded VLM Tokens to See What AI Sees,Deep technical exploration of how Gemma 3 processes images internally - bridging vision and language,VLM/Multimodal
https://www.reddit.com/r/LocalLLaMA/comments/1mnedxo/,r/LocalLLaMA,SOTA on 41 benchmarks! GLM-4.5V - A new open-source VLM,Discussion of new open-source VLM with video understanding capabilities beating GPT-4o,VLM/Multimodal
https://www.reddit.com/r/LocalLLaMA/comments/1qmcphu/,r/LocalLLaMA,Neural-Chromium: Custom Chromium build for local AI agents with zero-copy vision,Custom browser with zero-copy vision pipeline for AI agents that can see and act in real-time,VLM/Multimodal
https://www.reddit.com/r/LocalLLM/comments/1q06u1n/,r/LocalLLM,2025 is over - What were the best AI model releases this year?,Year-in-review noting VLMs and video understanding as a major breakthrough category,VLM/Multimodal
https://www.reddit.com/r/Rag/comments/1kor6z8/,r/Rag,NEED HELP ON A MULTI MODEL VIDEO RAG PROJECT,Wants to build multimodal RAG application using video frames for visual content extraction and retrieval,VLM/Multimodal
https://www.reddit.com/r/computervision/comments/1jwfhlz/,r/computervision,Looking for Multimodal AI Solution for Video Tutorial Analysis,Needs multimodal AI to analyze video tutorials and extract step-by-step instructions,VLM/Multimodal
https://www.reddit.com/r/computervision/comments/1quk2xc/,r/computervision,Last week in Multimodal AI - Vision Edition,Weekly roundup featuring ego-centric world models that simulate humanoid actions from single video perspective,VLM/Multimodal
https://www.reddit.com/r/hypeurls/comments/1o61w14/,r/hypeurls,StreamingVLM: Real-Time Understanding for Infinite Video Streams,Framework that brings real-time streaming perception to VLMs for continuous video understanding,VLM/Multimodal
https://www.reddit.com/r/singularity/comments/1pf6nd6/,r/singularity,Gemini 3 Pro Vision benchmarks vs Claude Opus 4.5 and GPT-5.1,Discussion of Gemini 3 Pro's multimodal/vision benchmark results including video reasoning,VLM/Multimodal
https://www.reddit.com/r/robotics/comments/1pms3ie/,r/robotics,Robotic Arm Controlled By VLM (Vision Language Model),Using a VLM to control robotic arm through real-time video analysis of the environment,VLM/Multimodal
https://www.reddit.com/r/GeminiAI/comments/1m8bf7k/,r/GeminiAI,Used Gemini API to analyze 10000+ YouTube Videos in 24 hours,Built knowledge extraction system using Gemini API for bulk video content analysis at scale,Gemini/API
https://www.reddit.com/r/PromptEngineering/comments/1m7kzi6/,r/PromptEngineering,Used Perplexity and Gemini prompts to analyze 10000+ YouTube Videos,Developer built knowledge extraction pipeline for mass YouTube video analysis,Gemini/API
https://www.reddit.com/r/AI_India/comments/1qiedun/,r/AI_India,Gemini API works on localhost but unsure about Vercel deployment,Building frame-by-frame video analysis tool with Gemini API - struggling with deployment,Gemini/API
https://www.reddit.com/r/AISEOInsider/comments/1nre4y4/,r/AISEOInsider,How Google's Gemini Live API Turned AI Into Your Personal Assistant,Discussion of Gemini Live API's real-time capabilities for continuous video/audio understanding,Gemini/API
https://www.reddit.com/r/homeassistant/comments/1qwuq27/,r/homeassistant,LLM Vision + Gemini frames issue,Integrating LLM Vision with Gemini's stream_analyzer to process camera frames in Home Assistant,Gemini/API
https://www.reddit.com/r/homeassistant/comments/1qa2s0b/,r/homeassistant,AI detection for license plates using LLM and Gemini,Using Gemini via LLM Vision for real-time license plate recognition from security cameras,Gemini/API
https://www.reddit.com/r/computervision/comments/1qra704/,r/computervision,Benchmarking Gemini 3 Flash's new Agentic Vision - Does automated zooming win?,Evaluating Gemini 3 Flash's Think-Act-Observe loop for agentic computer vision tasks,Gemini/API
https://www.reddit.com/r/Getstream/comments/1mcs5ya/,r/Getstream,Integrating LLMs and AI models into real-time video,Built demo integrating Gemini Live with WebRTC video streams for AI agent use-cases,Livestream Processing
https://www.reddit.com/r/WebRTC/comments/1miu58m/,r/WebRTC,Real-time kickboxing coaching with Gemini and YOLO,Real-time coaching using Gemini Live and YOLO on WebRTC streams for live athletic feedback,Livestream Processing
https://www.reddit.com/r/IndiaTech/comments/1qz00am/,r/IndiaTech,Tirupati temple using AI for live video analysis with NVIDIA,Temple deploying AI command center to analyze live video streams for crowd management,Livestream Processing
https://www.reddit.com/r/dataanalytics/comments/1q2s1lp/,r/dataanalytics,YOLO is great for live object detection but I hit limits analyzing video as data,Hit the wall with YOLO trying to go beyond bounding-box detection to structured data extraction from long streams,Livestream Processing
https://www.reddit.com/r/computervision/comments/1q2zcjv/,r/computervision,From real-time object detection to post-hoc video analysis: lessons learned,Lessons about the gap between live detection and post-hoc analytical queries on recorded video,Livestream Processing
https://www.reddit.com/r/computervision/comments/1jt4ttl/,r/computervision,Need GPU advice for 30x 1080p RTSP streams with real-time AI detection,Asking if single GPU can handle 30 simultaneous 1080p RTSP streams with YOLOv7,Livestream Processing
https://www.reddit.com/r/JetsonNano/comments/1p0hbc6/,r/JetsonNano,Live VLM WebUI - Real-time Vision AI on Jetson Orin Nano,Running real-time VLM inference on edge hardware with live camera input,Livestream Processing
https://www.reddit.com/r/JetsonNano/comments/1ovk7h0/,r/JetsonNano,Benchmarking 20 CCTV cameras on Jetson Orin Nano with YOLOv9,Feasibility of running 20 CCTV RTSP streams through YOLO+Pose pipeline on edge device,Livestream Processing
https://www.reddit.com/r/computervision/comments/1qaxztf/,r/computervision,What video transmission methods for drones with real-time object detection?,How to transmit drone camera frames to laptop for real-time YOLO inference - latency pain points,Livestream Processing
https://www.reddit.com/r/computervision/comments/1q85vdq/,r/computervision,Real time fruit counting on a conveyor belt - Fine tuning RT-DETR,Real-time object detection on live conveyor belt stream for counting fruit,Livestream Processing
https://www.reddit.com/r/computervision/comments/1k3sn61/,r/computervision,Streamlit WebRTC for Object Detection,WebRTC Streamlit integration not working for real-time live video processing with YOLO,Livestream Processing
https://www.reddit.com/r/computervision/comments/1ixxr12/,r/computervision,Object Detection and Tracking Advice,Wants to process ski resort's live webcam stream to count occupied vs empty chair lifts,Livestream Processing
https://www.reddit.com/r/computervision/comments/1bbhm9c/,r/computervision,Modifying YOLO - 4 input streams 1 class,How to fuse 4 simultaneous video streams (visible + IR) for real-time human detection,Livestream Processing
https://www.reddit.com/r/RASPBERRY_PI_PROJECTS/comments/1ilgcxp/,r/RASPBERRY_PI_PROJECTS,I built a live object-detection AI platform for any camera setup,Frustrated with rigid detection setups on RPi - built flexible platform for streaming with real-time AI,Livestream Processing
https://www.reddit.com/r/elixir/comments/1quo8ym/,r/elixir,Membrane YOLO Plugin: AI Object Detection in Elixir Multimedia Pipelines,YOLO plugin for Membrane framework enabling AI detection directly in Elixir streaming pipelines,Livestream Processing
https://www.reddit.com/r/OpenSourceeAI/comments/1pfi5zx/,r/OpenSourceeAI,Edge AI NVR running YOLO on Pi - containerized,Edge AI NVR setup running YOLO on Raspberry Pi for processing live camera streams,Livestream Processing
https://www.reddit.com/r/AskProgramming/comments/1jb4nb6/,r/AskProgramming,Is ML the right tool? Video Game Street Fighter detection,Asking if ML/CV is right for detecting game states from live video game capture stream,Livestream Processing
https://www.reddit.com/r/apachespark/comments/1f8gczs/,r/apachespark,Video live streaming in a big data architecture,Building pipeline: extract frames from RTSP cameras -> Kafka -> AI inference via Spark,Livestream Processing
https://www.reddit.com/r/ffmpeg/comments/1n7eune/,r/ffmpeg,Built self-hosted video platform: transcoding + rtmp live streaming + whisper AI,Architecture decisions for self-hosted RTMP live streaming with AI captions,Livestream Processing
https://www.reddit.com/r/drivingsg/comments/1p3tlq8/,r/drivingsg,Solo dev built AI to analyze every single traffic camera,AI fusing CV analysis of live traffic camera feeds with Google Maps for real-time estimates,Livestream Processing
https://www.reddit.com/r/StableDiffusion/comments/1pox5az/,r/StableDiffusion,Real-time img2img with custom LoRA for interactive installation,Seeking alternatives to StreamDiffusion for processing live camera through real-time img2img,Livestream Processing
https://www.reddit.com/r/montreal/comments/1o0q9wa/,r/montreal,SPVM will start using American AI Surveillance system,Montreal police deploying AI real-time video analysis - community raising privacy and latency concerns,Livestream Processing
https://www.reddit.com/r/computervision/comments/1lpoxss/,r/computervision,Traffic detection app - how to build?,Senior SWE with 0 CV experience needs to deploy ~100 cameras with object tracking for startup,CV Platform/API
https://www.reddit.com/r/computervision/comments/1nn6a39/,r/computervision,Open source privacy-preserving home security camera (Secluso),Built end-to-end encrypted home security camera with motion/person/pet detection,CV Platform/API
https://www.reddit.com/r/selfhosted/comments/1ogis3j/,r/selfhosted,Built self-hosted alternative to Google's Video Intelligence API,Spent $450 on Google's API analyzing personal videos - built self-hosted alternative,CV Platform/API
https://www.reddit.com/r/Python/comments/1ma5vaz/,r/Python,VideoConviction: Multimodal Stock Analysis from YouTube Financial Influencers,Multimodal pipeline analyzing YouTube financial influencer videos for stock sentiment,CV Platform/API
https://www.reddit.com/r/apify/comments/1qkopt2/,r/apify,Video Intelligence API - Extract transcripts + analyze videos from 1000+ platforms,Frustrated juggling multiple tools - built unified API for downloading + transcribing + AI-analyzing video,CV Platform/API
https://www.reddit.com/r/vectordatabase/comments/1mkzry2/,r/vectordatabase,Turns multimodal AI pipelines into simple queryable tables,Building Pixeltable: one system for images + video + audio + embeddings,CV Platform/API
https://www.reddit.com/r/n8n/comments/1p355ug/,r/n8n,AI automation that clones competitor Facebook video ads shot-by-shot,Using Gemini for shot-by-shot video ad analysis as automated competitive intelligence,CV Platform/API
https://www.reddit.com/r/n8n/comments/1qb0k2g/,r/n8n,Built AI agent that controls Android devices via natural language,AI agent that sees and interacts with Android screens using vision models,CV Platform/API
https://www.reddit.com/r/PleX/comments/1pz251h/,r/PleX,PlexAutomator Technical Deep Dive,Using VLMs to analyze video content for automated media library scene detection and tagging,CV Platform/API
https://www.reddit.com/r/homeassistant/comments/1qp7zus/,r/homeassistant,Raspberry Pi 5 + Frigate + Solar Cameras - NVMe vs AI HAT vs Coral?,Which AI accelerator for RPi 5 + Frigate with solar cameras,Security Camera AI
https://www.reddit.com/r/homeassistant/comments/1orftfe/,r/homeassistant,After 60+ hours of trial and error I finally got Frigate + Home Assistant on Proxmox,Extreme difficulty setting up Frigate - 60+ hours documenting pain points,Security Camera AI
https://www.reddit.com/r/homeassistant/comments/1obirji/,r/homeassistant,Is there still a benefit to Frigate now cameras have built-in AI?,Questioning if Frigate is worth it now Reolink has built-in AI person/vehicle/animal detection,Security Camera AI
https://www.reddit.com/r/homeassistant/comments/1jmxmpk/,r/homeassistant,Home Assistant + AI - Smarter Camera Alerts,Guide for AI-powered camera notifications in Home Assistant after struggling with setup,Security Camera AI
https://www.reddit.com/r/homeassistant/comments/1milkr3/,r/homeassistant,Reolink Doorbell > Frigate > Home Assistant > mobile notifications with Face Names,Pipeline for Frigate facial recognition notifications with Reolink cameras,Security Camera AI
https://www.reddit.com/r/homeassistant/comments/1kwluhx/,r/homeassistant,Continuous AI Backyard Bird Tracking with IP Cameras + BirdNET-Go,AI IP camera setup for continuous wildlife identification - creative non-security use,Security Camera AI
https://www.reddit.com/r/homeassistant/comments/1qpni0v/,r/homeassistant,Building contextual home intelligence with Frigate + Postgres + AI,Frustrated NVR is purely reactive - wants AI that learns contextual patterns (2am intruder vs delivery),Security Camera AI
https://www.reddit.com/r/homeassistant/comments/1ogvwb2/,r/homeassistant,Is it worth buying a mini PC just for Frigate if I'm getting Reolink NVR?,Weighing cost/complexity of dedicated AI detection hardware vs built-in camera AI,Security Camera AI
https://www.reddit.com/r/homeassistant/comments/1qt2q7y/,r/homeassistant,Adding precision to presence detection - using Gemini AI + camera snapshots,Already using Gemini + camera snapshots for vehicle detection - wants more precise AI presence,Security Camera AI
https://www.reddit.com/r/homeassistant/comments/1p53sc0/,r/homeassistant,AI-powered security camera monitor that tells me what triggered motion,Built AI monitor because tired of paying for Ring and getting unhelpful alerts,Security Camera AI
https://www.reddit.com/r/homeassistant/comments/1q77krn/,r/homeassistant,Frigate + Coral with Home Assistant - questions before I start,Has Reolink cameras - wants to upgrade from basic recording to AI object detection with Frigate,Security Camera AI
https://www.reddit.com/r/homeassistant/comments/1j3ktma/,r/homeassistant,Best No-AI NVR?,Counter-perspective: user finds AI NVRs overcomplicated - wants simple recording,Security Camera AI
https://www.reddit.com/r/homeassistant/comments/1lohkx9/,r/homeassistant,My take on a Frigate/LLM Vision Notification,Piping Frigate camera detections through LLM vision for natural-language notification descriptions,Security Camera AI
https://www.reddit.com/r/frigate_nvr/comments/1pqsdyg/,r/frigate_nvr,New 0.17.0 AI Review Summaries + Object Classifications,Excited about Frigate's generative AI summaries that describe what happened vs just person detected,Security Camera AI
https://www.reddit.com/r/frigate_nvr/comments/1lzdl4b/,r/frigate_nvr,Highly inaccurate AI object detection with Reolink cameras,Major false positive and accuracy problems with Frigate's AI detection on Reolink cameras,Security Camera AI
https://www.reddit.com/r/frigate_nvr/comments/1nqaoyg/,r/frigate_nvr,Frigate GenAI notifications - far from just a gimmick,Running full local generative AI for Frigate notifications - finds semantic understanding useful,Security Camera AI
https://www.reddit.com/r/frigate_nvr/comments/1namtm6/,r/frigate_nvr,Low power Frigate box for 15-30 cameras?,Hardware recommendations for AI object detection at scale across 15-30 cameras,Security Camera AI
https://www.reddit.com/r/frigate_nvr/comments/1q1dnoa/,r/frigate_nvr,Camera brand recommendations for Frigate,Planning Frigate-based setup - which camera brands work best with AI detection,Security Camera AI
https://www.reddit.com/r/frigate_nvr/comments/1pw5bku/,r/frigate_nvr,I need help setting YOLO in Frigate,Non-technical user struggling to configure YOLO in Frigate - complexity barrier,Security Camera AI
https://www.reddit.com/r/frigate_nvr/comments/1qgcy7x/,r/frigate_nvr,Moved from Coral TPU to GPU - face recognition only works on some cameras,Troubleshooting inconsistent AI face recognition across different RTSP camera feeds,Security Camera AI
https://www.reddit.com/r/selfhosted/comments/1msx7ph/,r/selfhosted,Spent many hours finding alternative to Milestone Xprotect - found Frigate,Testing NVR alternatives after Milestone discontinued free version - chose Frigate for AI,Security Camera AI
https://www.reddit.com/r/selfhosted/comments/1poogvm/,r/selfhosted,Looking for a modern stable NVR (Blue Iris vs Scrypted),Reevaluating NVR setup - comparing Blue Iris and Scrypted for stability and AI integration,Security Camera AI
https://www.reddit.com/r/selfhosted/comments/1nj3ptc/,r/selfhosted,Night Watcher - Simple IP Camera Viewer with Custom Detection,Self-hosted IP camera viewer with custom AI detection for baby monitoring,Security Camera AI
https://www.reddit.com/r/selfhosted/comments/1oouc0q/,r/selfhosted,Unblink v1.0.0 - open-source AI camera monitoring app,Open-source app running modern AI vision models on camera streams in real-time,Security Camera AI
https://www.reddit.com/r/Scrypted/comments/1p0wigz/,r/Scrypted,Considering moving away from Blue Iris (AI + UI + HA integration),Unhappy with Blue Iris's dated UI and AI capabilities - evaluating Scrypted,Security Camera AI
https://www.reddit.com/r/truenas/comments/1o0sqko/,r/truenas,Self-hosted home security cameras on TrueNAS SCALE,Planning security camera setup with Docker - asking for software with AI detection,Security Camera AI
https://www.reddit.com/r/reolinkcam/comments/1kwtg7j/,r/reolinkcam,Current state of Reolink Camera AI vs 3rd party software?,Comparing Reolink's built-in AI vs CodeProject AI with YOLO - which is better,Security Camera AI
https://www.reddit.com/r/reolinkcam/comments/1o8emh4/,r/reolinkcam,Is Frigate any good and reliable with Reolink cams?,Considering Frigate for local AI-based detection with Reolink cameras,Security Camera AI
https://www.reddit.com/r/reolinkcam/comments/1o5kfen/,r/reolinkcam,Fun with adding more AI to Reolink Cameras,Exploring Home Assistant ai_task functions for additional AI analysis on Reolink feeds,Security Camera AI
https://www.reddit.com/r/reolinkcam/comments/1o0mgxs/,r/reolinkcam,Built ANPR system for Reolink camera - auto detects license plates,Custom AI license plate recognition for Reolink to automate garage door and lighting,Security Camera AI
https://www.reddit.com/r/synology/comments/1qmg3ym/,r/synology,Surveillance Station - Animal detection (AI),Disappointed Synology lacks animal detection AI that consumer cameras have built-in,Security Camera AI
https://www.reddit.com/r/UNIFI/comments/1km6mvv/,r/UNIFI,Automation around NVR detection events,Switching from Camect to Unifi NVR - missing Camect's AI for detecting specific people/objects,Security Camera AI
https://www.reddit.com/r/homesecurity/comments/1mpeo7j/,r/homesecurity,Research notes evaluating eufy/tapo/reolink coming from Wyze,Sick of Wyze subscriptions - evaluating alternatives with better AI detection,Security Camera AI
https://www.reddit.com/r/homesecurity/comments/1n9sl7w/,r/homesecurity,Switching from Ring to Eufy for better privacy and local storage,Leaving Ring due to privacy concerns and subscription costs - wants local AI,Security Camera AI
https://www.reddit.com/r/nashik/comments/1oju78n/,r/nashik,All our CCTV footage is useless - I tried to make it useful,Existing CCTV across family shops is unwatchable and useless - building AI tool for existing cameras,Security Camera AI
https://www.reddit.com/r/news/comments/1mk1hai/,r/news,Students arrested for AI surveillance false alarms,Real-world consequences of false positives in AI surveillance deployed in schools,Security Camera AI
https://www.reddit.com/r/n8n/comments/1lr9ywt/,r/n8n,Building a Security Camera RTSP Recorder,Building controllable home security automation with AI for RTSP recording and intelligent alerts,Security Camera AI
https://www.reddit.com/r/LinusTechTips/comments/1qvq0s0/,r/LinusTechTips,Amazon pushed automatic opt-in for Blink camera AI without consent,Alarmed that Amazon silently opted Blink users into AI video analysis - privacy backlash,Security Camera AI
https://www.reddit.com/r/PrivacyTechTalk/comments/1nnb14b/,r/PrivacyTechTalk,Open source privacy-preserving home security camera with E2E encryption,Secluso: privacy-first camera alternative to cloud-dependent AI systems,Security Camera AI
https://www.reddit.com/r/homelab/comments/1qrtq0m/,r/homelab,The final piece to my homelab has arrived,Homelab build for media server + NVR with AI object detection - hardware choices,Security Camera AI
https://www.reddit.com/r/HomeServer/comments/1q1fe75/,r/HomeServer,Mini PC recommendations + best AI accelerator for Frigate?,Planning 24/7 home server - which mini PC and AI accelerator for Frigate NVR,Security Camera AI
https://www.reddit.com/r/IndiaBusiness/comments/1k2v76s/,r/IndiaBusiness,Building AI-powered CCTV surveillance that integrates with existing cameras,Developer doing market research for AI solution integrating with existing CCTV,Security Camera AI
https://www.reddit.com/r/SafetyProfessionals/comments/1o8ubgj/,r/SafetyProfessionals,Biggest challenge verifying safety compliance from CCTV footage?,Building AI-assisted safety monitoring - asking about pain points detecting unsafe behaviors,Security Camera AI
https://www.reddit.com/r/PcBuildHelp/comments/1kypbpj/,r/PcBuildHelp,Putting together new build for Plex + Frigate + HomeAssistant + AI,Building 24/7 server for security cameras with AI - sizing hardware,Security Camera AI
https://www.reddit.com/r/selfhosted/comments/1q5k1hj/,r/selfhosted,I built a self-hosted AI mirror that runs locally,AI mirror project running local vision models - 2670 upvotes showing demand for local AI vision,Security Camera AI
https://www.reddit.com/r/selfhosted/comments/1qc014a/,r/selfhosted,Self-hosted/FOSS space flooded with vibe-coded AI slop (2145 upvotes),Community discussing quality of AI-powered self-hosted tools - opportunity to stand out with real product,Security Camera AI
https://www.reddit.com/r/FlashForge/comments/1qe2jhl/,r/FlashForge,Alternative for real-time remote control with third-party cameras + Home Assistant,Built cloud-free real-time camera monitoring with Home Assistant - no cloud dependency,Security Camera AI
https://www.reddit.com/r/computervision/comments/1pnyqtl/,r/computervision,CV projects look great in notebooks but not in production,How to bridge the gap between impressive CV demos and real deployment with latency/scaling/edge cases,CV Platform/API
https://www.reddit.com/r/computervision/comments/1ootn37/,r/computervision,Training accuracy nailed then real-world cameras broke everything,Vision model performed great in testing but fell apart on actual cameras due to glare and angles,CV Platform/API
https://www.reddit.com/r/computervision/comments/1m2ygxa/,r/computervision,Ultra-Low-Latency CV Pipeline: Pi to AWS to Pi,How to build real-time edge-to-cloud CV pipeline with <200ms round-trip for live camera frames,Livestream Processing
https://www.reddit.com/r/computervision/comments/1mq8p56/,r/computervision,Do surveillance AI systems really process every frame?,Building video analytics system - what sampling strategies do real systems use to keep costs manageable,CV Platform/API
https://www.reddit.com/r/computervision/comments/1puaqps/,r/computervision,Dealing with accumulated inference latency in RTSP streams,Struggling with latency/desync when sending RTSP frames to separate AI inference server (~60ms/frame),Livestream Processing
https://www.reddit.com/r/computervision/comments/1o25xie/,r/computervision,Startup team infrastructure/workflow decision,6-person CV startup looking for alternatives to Roboflow ($60/mo) with more flexibility,CV Platform/API
https://www.reddit.com/r/computervision/comments/1q7mp24/,r/computervision,Best Computer Vision Software in 2025,Developer re-entering CV space asking what the best current platforms are for building CV apps,CV Platform/API
https://www.reddit.com/r/computervision/comments/1qit4ie/,r/computervision,Cloud deployment of custom YOLO model,Best way to deploy custom YOLO model to production - server lacks GPU and CPU inference would overload,CV Platform/API
https://www.reddit.com/r/computervision/comments/1oas9ki/,r/computervision,Production OCR in 2025 - what are you actually deploying?,Are teams using classic OCR pipelines or fine-tuning VLMs or piping everything to cloud APIs,CV Platform/API
https://www.reddit.com/r/computervision/comments/1li523x/,r/computervision,Real-time video stitching of multiple cameras,How to achieve 360-degree panoramic real-time stitching of 8 cameras on Jetson AGX Orin,Livestream Processing
https://www.reddit.com/r/LocalLLaMA/comments/1lqtxdp/,r/LocalLLaMA,Local vision LLM for near-real-time video processing,Searching for local vision LLM small enough to process video at 5-10 fps with frame descriptions,VLM/Multimodal
https://www.reddit.com/r/LocalLLaMA/comments/1o6pmxt/,r/LocalLLaMA,Real-time study buddy that sees your screen and talks back,Built real-time learning assistant using Qwen3-VL that sees screen and answers questions,VLM/Multimodal
https://www.reddit.com/r/LocalLLaMA/comments/1n3b13b/,r/LocalLLaMA,Apple releases FastVLM for real-time video captioning,FastVLM enables real-time video captioning in-browser with WebGPU - lightweight vision models running locally,VLM/Multimodal
https://www.reddit.com/r/MachineLearning/comments/1l33op4/,r/MachineLearning,Time Blindness: Why Video-Language Models Can't See What Humans Can,Current VLMs fail at purely temporal reasoning - fundamental limitation of video AI,VLM/Multimodal
https://www.reddit.com/r/MachineLearning/comments/1q1952u/,r/MachineLearning,Modular CV pipelines vs end-to-end VLMs for image/video reasoning,Debating modular pipelines (YOLO+logic) vs VLMs for production video reasoning tasks,VLM/Multimodal
https://www.reddit.com/r/computervision/comments/1oegxdo/,r/computervision,Running inference on live FPV drone video in Meta Quest 3,Real-time object detection and segmentation on live FPV drone video streamed to AR headset,Livestream Processing
https://www.reddit.com/r/computervision/comments/1n0do65/,r/computervision,How to detect if a live video matches a pose,Building system that compares live video against reference pose in real-time for fitness/rehab,Livestream Processing
https://www.reddit.com/r/homeassistant/comments/1pic9ii/,r/homeassistant,Built a fully self-hosted AI home security system,Self-hosted AI security system that detects intruders and monitors cribs without cloud,Security Camera AI
https://www.reddit.com/r/computervision/comments/1jfmcxm/,r/computervision,State-of-the-art CV models in 2025,Asking which models lead in accuracy across object detection + segmentation + multimodal AI,CV Platform/API
https://www.reddit.com/r/SideProject/comments/1ooun30/,r/SideProject,I built Unblink - an open-source AI camera monitoring app,Developer sharing struggle of building self-hosted AI camera monitoring - seeking early adopters,Security Camera AI
